<?xml version="1.0" encoding="UTF-8" standalone="yes"?>
<addon id="plugin.video.goodline.cam"
       name="Камеры Godline в Кузбассе"
       version="0.0.2"
       provider-name="MazurokNN">
  <requires>
    <import addon="xbmc.python" version="2.1.0"/>
  </requires>
  <extension point="xbmc.python.pluginsource"
            library="default.py">
        <provides>video</provides>
 </extension>	
  <extension point="xbmc.addon.metadata">
    <platform>all</platform>
    <summary lang="en">Камеры Godline в Кузбассе</summary>
  </extension>
</addon>