<?xml version="1.0" encoding="UTF-8" standalone="yes"?>
<addon id="plugin.video.onlinetv.ru"
       name="OnlineTV.ru"
       version="0.1.1"
       provider-name="MazurokNN">
  <requires>
    <import addon="xbmc.python" version="2.1.0"/>
  </requires>
  <extension point="xbmc.python.pluginsource"
            library="default.py">
        <provides>video</provides>
  </extension>	
  <extension point="xbmc.addon.metadata">
    <platform>all</platform>
    <summary>Онлайн ТВ - первое интерактивное телевидение</summary>
    <description lang="ru">Видео материалы с сайта http://www.onlinetv.ru</description>
  </extension>
</addon>