<?xml version="1.0" encoding="UTF-8" standalone="yes"?>
<addon id="repository.mnn" name="MNN Xbmc Add-ons" version="1.0.0" provider-name="MazurokNN">
	<extension point="xbmc.addon.repository" name="MNN Xbmc Add-ons">
		<info compressed="false">http://mnn-xbmc-repo.googlecode.com/svn/trunk/addons/addons.xml</info>
		<checksum>http://mnn-xbmc-repo.googlecode.com/svn/trunk/addons/addons.xml.md5</checksum>
		<datadir zip="false">http://mnn-xbmc-repo.googlecode.com/svn/trunk/addons/</datadir>
	</extension>
	<extension point="xbmc.addon.metadata">
		<summary>Install Add-ons from MNN Add-on Repository</summary>
		<description>Plug-ins for XBMC</description>
		<disclaimer>Plug-ins for XBMC</disclaimer>
		<platform>all</platform>
	</extension>
</addon>
