<?xml version="1.0" encoding="UTF-8" standalone="yes"?>
<addon id="plugin.video.peers.tv"
       name="Peers.tv"
       version="0.1.4"
       provider-name="MazurokNN">
  <requires>
    <import addon="xbmc.python" version="2.1.0"/>
  </requires>
  <extension point="xbmc.python.pluginsource"
            library="default.py">
        <provides>video</provides>
  </extension>	
  <extension point="xbmc.addon.metadata">
    <platform>all</platform>
    <summary>Peers.tv</summary>
    <description lang="ru">Peers.tv</description>
  </extension>
</addon>