<?xml version="1.0" encoding="UTF-8" standalone="yes"?>
<addon id="script.service.jtvtoxmltv"
       name="JTV To XmlTV"
       version="0.0.3"
       provider-name="MazurokNN">
  <requires>
    <import addon="xbmc.python" version="2.1.0"/>
  </requires>
  <extension point="xbmc.python.pluginsource"
            library="default.py">
        <provides>executable</provides>
 </extension>	
  <extension point="xbmc.service" 
	library="start.py" start="startup">
  </extension>
  <extension point="xbmc.addon.metadata">
    <platform>all</platform>
    <summary lang="en">Convert JTV to XmlTV</summary>
  </extension>
</addon>