<?xml version="1.0" encoding="UTF-8" standalone="yes"?>
<addon id="plugin.video.cxz.to"
       name="cxz.to"
       version="0.2.0.1"
       provider-name="MazurokNN">
  <requires>
    <import addon="xbmc.python" version="2.1.0"/>
    <import addon="script.module.simple.downloader"/>
  </requires>
  <extension point="xbmc.python.pluginsource"
            library="default.py">
        <provides>video</provides>
  </extension>
  <extension point="xbmc.service" library="service.py" start="login" />
  <extension point="xbmc.addon.metadata">
    <platform>all</platform>
    <summary></summary>
    <description lang="ru"></description>
  </extension>
</addon>