<?xml version="1.0" encoding="UTF-8" standalone="yes"?>
<addon id="plugin.video.smart.tvrain.ru"
       name="Д О /// Д Ь"
       version="0.1.4"
       provider-name="MazurokNN">
  <requires>
    <import addon="xbmc.python" version="2.1.0"/>
  </requires>
  <extension point="xbmc.python.pluginsource"
            library="default.py">
        <provides>video</provides>
  </extension>	
  <extension point="xbmc.addon.metadata">
    <platform>all</platform>
    <summary>ДО///ДЬ — это независимый информационный телеканал, вещающий в прямом эфире 24 часа в сутки</summary>
    <description lang="ru"> Каждый час новости о том, что происходит на самом деле.
Аналитика, дискуссии и круглые столы с теми, кто нам интересен, о том, что нам важно.
Прямые трансляции с площадок главных событий страны и мира.
Документальные фильмы, видео-арт, музыка, социальные проекты.
</description>
  </extension>
</addon>